t_ms,pid,pss_kb,memfree_kb,memavail_kb,swapfree_kb,batt_pct,temp_dc
78,3718,51557,141708,3749808,4280188,16,350
5564,3718,1013960,136168,3571144,4280188,16,350
11156,3718,1048293,133276,3545040,4280188,16,350
16735,3718,1048283,139676,3551972,4280444,16,360
22350,3718,1048283,137900,3550492,4280444,16,360
27921,3718,1048283,137708,3550288,4280444,16,360
33453,3718,1052911,129952,3543136,4280444,16,360
39006,3718,1052915,127228,3540500,4280444,16,360
44621,3718,1052734,175760,3528920,4250080,16,360
50291,3718,1052755,174472,3528644,4251872,16,360
109832,3718,1078670,137396,3437232,4249464,16,370
115412,3718,1077886,166688,3483832,4229512,16,380
121038,3718,1077772,142392,3473240,4201744,16,380
126700,3718,1077686,145996,3490140,4202512,16,380
132321,3718,1077690,124844,3479436,4203536,16,380
137850,3718,1077684,118540,3474200,4203536,16,380
143367,3718,1077654,112520,3479128,4190144,16,380
149017,3718,1076046,85720,3359984,4026304,16,380
154606,3718,1076033,146972,3386616,3987384,16,390
160147,3718,1115636,151704,3394840,3983908,16,390
165552,3718,1070592,182744,3428468,3983908,16,390
170934,3718,1070804,168524,3414896,3984420,16,390
176337,3718,1083169,227588,3442976,3938544,16,390
181823,3718,1082457,225784,3441592,3938544,16,390
187323,3718,1082408,238312,3453940,3938544,16,390
192795,3718,1082639,290996,3513948,3993072,16,390
198374,3718,1082722,308520,3531736,4026864,16,390
204001,3718,1082723,308792,3532340,4026864,16,390
209513,3718,1082727,296964,3525932,4027632,16,390
214973,3718,1082723,290020,3520732,4027888,16,390
220610,3718,1082662,210124,3507448,4028144,15,400
226160,3718,1082679,211732,3509200,4032240,15,400
231682,3718,1082555,176524,3495656,4018632,15,400
237354,3718,1082532,161772,3491524,4020424,15,400
242923,3718,1082625,214808,3547844,4039112,15,400
248429,3718,1082629,210900,3544268,4040648,15,400
254077,3718,1082629,216976,3550520,4040648,15,400
259555,3718,1082629,216048,3549948,4040648,15,400
265064,3718,1082685,233732,3567716,4040648,15,400
270439,3718,1076841,235404,3571828,4044232,15,400
275850,3718,1072705,231648,3568164,4044232,15,410
281247,3718,1078015,210752,3550676,4044232,15,410
286615,3718,1077895,210072,3550928,4044488,15,400
291993,3718,1077895,208700,3549784,4044488,15,400
297382,3718,1077895,207736,3548828,4044744,15,400
302743,3718,1077895,208144,3549292,4044744,15,400
308120,3718,1077895,206852,3547984,4044744,15,400
313486,3718,1077895,219128,3560300,4044744,15,400
318861,3718,1077895,208852,3559008,4045000,15,400
324230,3718,1077895,207912,3558072,4045000,15,400
